{
    "OverallQual": 0.5431650998971195,
    "YearBuilt": 0.026811507029094534,
    "YearRemodAdd": 0.03163338490298069,
    "TotalBsmtSF": 0.0722362083147902,
    "1stFlrSF": 0.039543311785702334,
    "GrLivArea": 0.18041925329659786,
    "FullBath": 0.014721815316997209,
    "TotRmsAbvGrd": 0.0071187107816871,
    "GarageCars": 0.04678284688047894,
    "GarageArea": 0.010573154285607123,
    "MSZoning_FV": 7.16004260173393e-05,
    "MSZoning_RH": 0.0,
    "MSZoning_RL": 0.0028510077233191615,
    "MSZoning_RM": 0.004131446414214265,
    "Utilities_NoSeWa": 0.0,
    "BldgType_2fmCon": 4.877742558509815e-05,
    "BldgType_Duplex": 0.0025803680049723875,
    "BldgType_Twnhs": 0.0004151487260690777,
    "BldgType_TwnhsE": 0.0002751077058223656,
    "Heating_GasA": 0.0007928043706922033,
    "Heating_GasW": 5.482544149709875e-05,
    "Heating_Grav": 0.0,
    "Heating_OthW": 0.0,
    "Heating_Wall": 0.0,
    "KitchenQual_Fa": 4.376657528053999e-05,
    "KitchenQual_Gd": 0.0028550651412210565,
    "KitchenQual_TA": 0.00013591169052985195,
    "SaleCondition_AdjLand": 0.0,
    "SaleCondition_Alloca": 0.0012176706444644765,
    "SaleCondition_Family": 5.8262506928375754e-05,
    "SaleCondition_Normal": 0.001644352832212151,
    "SaleCondition_Partial": 0.003859805361712197,
    "LandSlope_Mod": 0.0019093042000809476,
    "LandSlope_Sev": 0.004049482318326009
}