{
    "rmse": 0.038327270343555625,
    "mae": 0.02479592055662768,
    "r2": 0.9006912380549712
}